<?xml version="1.0" encoding="UTF-8"?>
<!--
  ~ Copyright (c) 2024, WSO2 Inc. (http://www.wso2.org) All Rights Reserved.
  ~
  ~ WSO2 Inc. licenses this file to you under the Apache License,
  ~ Version 2.0 (the "License"); you may not use this file except
  ~ in compliance with the License.
  ~ You may obtain a copy of the License at
  ~
  ~ http://www.apache.org/licenses/LICENSE-2.0
  ~
  ~ Unless required by applicable law or agreed to in writing,
  ~ software distributed under the License is distributed on an
  ~ "AS IS" BASIS, WITHOUT WARRANTIES OR CONDITIONS OF ANY
  ~ KIND, either express or implied.  See the License for the
  ~ specific language governing permissions and limitations
  ~ under the License.
  ~
  -->

<template name="connect" xmlns="http://ws.apache.org/ns/synapse">
    <parameter name="urlRewrite" description="Do you want to rewrite FHIR server URL"/>
    <sequence>
        <property name="_OH_INTERNAL_REWRITE_URL_" expression="$func:urlRewrite"/>
        <header name="Accept" scope="transport" value="application/fhir+json" action="set"/>

        <property name="uri.var.httpMethod" expression="$axis2:REST_METHOD"/>
        <property name="uri.var.requestUrl" expression="$axis2:REST_SUB_REQUEST_PATH"/>

        <header name="Content-Type" scope="transport" value="application/fhir+json"/>
        <filter source="boolean($ctx:_OH_INTERNAL_FHIR_REPO_ACCESS_TOKEN_)" regex="true">
            <then>
                <header name="Authorization" expression="fn:concat('Bearer ', $ctx:_OH_INTERNAL_FHIR_REPO_ACCESS_TOKEN_)"
                        scope="transport" />
            </then>
            <else>
                <log category="WARN" description="FAULT" level="custom">
                    <property name="Info" value="Access token is not present. Accessing FHIR server with no auth."/>
                </log>
            </else>
        </filter>
        <call>
            <endpoint>
                <http method="{uri.var.httpMethod}" uri-template="{uri.var._OH_INTERNAL_FHIR_REPO_BASE_}/{uri.var.requestUrl}"/>
            </endpoint>
        </call>

        <!--To get the HTTP response code-->
        <property name="_OH_INTERNAL_HTTP_SC_" expression="$axis2:HTTP_SC"/>

        <filter source="boolean($ctx:_OH_INTERNAL_REWRITE_URL_)" regex="true">
            <then>
                <filter source="$ctx:_OH_INTERNAL_HTTP_SC_" regex="204">
                    <then> </then>
                    <else>
                        <class name="org.wso2.healthcare.integration.fhir.repository.ServerUrlRewrite"/>
                    </else>
                </filter>
            </then>
        </filter>

    </sequence>
</template>
