<?xml version="1.0" encoding="UTF-8"?>
<!--
  ~ Copyright (c) 2024, WSO2 Inc. (http://www.wso2.org) All Rights Reserved.
  ~
  ~ WSO2 Inc. licenses this file to you under the Apache License,
  ~ Version 2.0 (the "License"); you may not use this file except
  ~ in compliance with the License.
  ~ You may obtain a copy of the License at
  ~
  ~ http://www.apache.org/licenses/LICENSE-2.0
  ~
  ~ Unless required by applicable law or agreed to in writing,
  ~ software distributed under the License is distributed on an
  ~ "AS IS" BASIS, WITHOUT WARRANTIES OR CONDITIONS OF ANY
  ~ KIND, either express or implied.  See the License for the
  ~ specific language governing permissions and limitations
  ~ under the License.
  ~
  -->

<template name="readById" xmlns="http://ws.apache.org/ns/synapse">
    <parameter name="resourceType" description="The type of the resource"/>
    <parameter name="id" description="The logical Id of the resource"/>
    <parameter name="urlRewrite" description="Are you want to rewrite FHIR server URL"/>
    <sequence>
        <property name="uri.var.resourceType" expression="$func:resourceType"/>
        <property name="uri.var.id" expression="$func:id"/>
        <property name="_OH_INTERNAL_REWRITE_URL_" expression="$func:urlRewrite"/>

        <filter source="boolean($ctx:uri.var.id)" regex="true">
            <then>
                <header name="Accept" scope="transport" value="application/fhir+json"/>
                <header name="Content-Type" scope="transport" value="application/fhir+json"/>
                <filter source="boolean($ctx:_OH_INTERNAL_FHIR_REPO_ACCESS_TOKEN_)" regex="true">
                    <then>
                        <header name="Authorization" expression="fn:concat('Bearer ', $ctx:_OH_INTERNAL_FHIR_REPO_ACCESS_TOKEN_)"
                                scope="transport" />
                    </then>
                    <else>
                        <log category="WARN" description="FAULT" level="custom">
                            <property name="Info" value="Access token is not present. Accessing FHIR server with no auth."/>
                        </log>
                    </else>
                </filter>
                <call>
                    <endpoint>
                        <http method="GET" uri-template="{uri.var._OH_INTERNAL_FHIR_REPO_BASE_}/{uri.var.resourceType}/{uri.var.id}"/>
                    </endpoint>
                </call>
            </then>
            <else>
                <log category="ERROR" description="FAULT" level="custom">
                    <property name="ERROR" value="No supported Mandatory search parameters provided"/>
                </log>
                <class name="org.wso2.healthcare.integration.common.mediators.FHIRSynapseExceptionHanlder">
                    <property name="errorSeverity" value="error"/>
                    <property name="errorCode" value="invalid"/>
                    <property name="errorDetailCode" value="Invalid Content"/>
                    <property name="errorDetailSystem" value="Invalid resource Id."/>
                    <property name="errorDiagnostic" value="Operation was not attempted because the resource Id is not presented."/>
                </class>
            </else>
        </filter>

        <filter source="boolean($ctx:_OH_INTERNAL_REWRITE_URL_)" regex="true">
            <then>
                <class name="org.wso2.healthcare.integration.fhir.repository.ServerUrlRewrite"/>
            </then>
        </filter>

    </sequence>
</template>
